City_ID,City,Lat,Lng,Max Temp,Humidity,Cloudiness,Wind Speed,Country,Date
0,kapuskasing,49.4169,-82.4331,1.05,100,100,6.69,CA,1731541667
1,puerto natales,-51.7236,-72.4875,7.83,64,6,2.88,CL,1731541669
2,ushuaia,-54.8,-68.3,11.81,40,75,6.17,AR,1731541510
3,bilibino,68.0546,166.4372,-28.83,100,87,0.26,RU,1731541671
4,port-aux-francais,-49.35,70.2167,4.23,89,100,13.62,TF,1731541672
5,grytviken,-54.2811,-36.5092,-1.9,82,94,1.75,GS,1731541673
6,mount isa,-20.7333,139.5,32.87,19,78,7.72,AU,1731541572
7,flying fish cove,-10.4217,105.6791,26.82,94,100,4.63,CX,1731541675
8,waitangi,-43.9535,-176.5597,11.61,75,55,6.23,NZ,1731541676
9,edinburgh of the seven seas,-37.0676,-12.3116,16.33,90,55,10.74,SH,1731541677
10,maragogi,-9.0122,-35.2225,24.42,75,7,4.56,BR,1731541678
11,tiksi,71.6872,128.8694,-24.85,100,96,1.64,RU,1731541679
12,port mathurin,-19.6833,63.4167,24.27,84,18,6.75,MU,1731541681
13,mahibadhoo,3.7833,72.9667,28.26,65,75,3.19,MV,1731541682
14,anadyr,64.75,177.4833,-2.72,86,40,12.0,RU,1731541683
15,kohlu,29.8962,69.252,12.56,58,24,0.45,PK,1731541684
16,st. john's,47.5649,-52.7093,3.66,94,100,16.46,CA,1731541587
17,bethel,41.3712,-73.414,5.29,54,0,0.89,US,1731541545
18,adamstown,-25.066,-130.1015,22.02,80,85,3.52,PN,1731541585
19,nova sintra,14.8667,-24.7167,25.96,69,91,4.91,CV,1731541688
20,carnarvon,-24.8667,113.6333,22.9,73,64,4.75,AU,1731541689
21,ribeira grande,38.5167,-28.7,18.76,89,44,4.92,PT,1731541690
22,fort bragg,35.139,-79.006,12.12,69,0,2.06,US,1731541601
23,margate,51.3813,1.3862,8.72,86,100,3.58,GB,1731541693
24,punta arenas,-53.15,-70.9167,10.06,57,75,14.4,CL,1731541537
25,enewetak,11.3474,162.3373,28.52,72,72,6.9,MH,1731541695
26,cide,41.8921,33.0044,12.89,89,96,4.16,TR,1731541696
27,lakeview,42.432,-75.8655,2.66,69,11,1.34,US,1731541697
28,ilulissat,69.2167,-51.1,-2.99,68,20,8.75,GL,1731541698
29,saipan,15.1355,145.701,30.39,76,20,7.72,MP,1731541699
30,naama,33.2667,-0.3167,13.91,55,100,8.09,DZ,1731541700
31,cole harbour,44.6724,-63.4751,0.71,64,33,10.8,CA,1731541702
32,hermanus,-34.4187,19.2345,15.45,75,18,6.56,ZA,1731541703
33,whitehorse,60.7161,-135.0538,-5.57,85,100,2.57,CA,1731541704
34,kingston,17.997,-76.7936,27.53,78,20,9.26,JM,1731541449
35,haikou,20.0458,110.3417,22.07,94,39,1.0,CN,1731541706
36,singkil,-7.9855,111.4161,27.71,78,33,1.5,ID,1731541707
37,blackmans bay,-43.0167,147.3167,15.41,52,57,1.34,AU,1731541708
38,colonia,50.9333,6.95,9.42,93,75,4.12,DE,1731541551
39,nyurba,63.2842,118.3319,-24.69,99,93,2.01,RU,1731541711
40,iqaluit,63.7506,-68.5145,-10.15,73,75,0.0,CA,1731541712
41,altay,47.8667,88.1167,-8.12,99,96,0.31,CN,1731541713
42,kaka,37.3482,59.6143,5.51,57,93,3.34,TM,1731541714
43,al mutayrifi,25.4788,49.5576,20.19,59,12,4.33,SA,1731541715
44,pijijiapan,15.7011,-93.23,25.39,89,61,0.5,MX,1731541716
45,qaqortoq,60.7167,-46.0333,-3.16,65,98,9.89,GL,1731541717
46,fortuna,40.5982,-124.1573,14.08,94,40,1.79,US,1731541718
47,shakhun'ya,57.6758,46.6114,-0.16,95,100,4.5,RU,1731541719
48,hawaiian paradise park,19.5933,-154.9731,24.93,88,100,2.06,US,1731541720
49,uvira,-3.4067,29.1458,23.17,75,60,2.2,CD,1731541722
50,papatowai,-46.5619,169.4708,16.66,62,100,3.49,NZ,1731541723
51,port augusta,-32.5,137.7667,20.19,49,0,4.07,AU,1731541724
52,sao joao da barra,-21.6403,-41.0511,22.56,95,100,3.14,BR,1731541726
53,vila franca do campo,37.7167,-25.4333,18.27,99,12,2.67,PT,1731541727
54,khanpur,28.6453,70.6567,22.25,37,0,2.72,PK,1731541728
55,haiku-pauwela,20.9219,-156.3051,27.36,75,40,10.73,US,1731541729
56,puerto ayora,-0.7393,-90.3518,22.53,86,29,2.24,EC,1731541730
57,margaret river,-33.95,115.0667,16.78,72,55,5.03,AU,1731541732
58,novyy urgal,51.0736,132.5642,-11.57,86,63,1.16,RU,1731541733
59,iskateley,67.6803,53.1512,-1.53,97,100,7.04,RU,1731541735
60,ongjin,37.9347,125.3619,14.57,81,99,1.98,KP,1731541736
61,rabigh,22.7986,39.0349,27.56,57,0,3.91,SA,1731541737
62,longyearbyen,78.2186,15.6401,1.91,69,75,9.26,SJ,1731541738
63,el granada,37.5027,-122.4694,16.56,83,100,5.66,US,1731541739
64,susuman,62.7833,148.1667,-22.01,97,100,1.09,RU,1731541742
65,las lomitas,-24.7096,-60.593,23.08,31,1,2.5,AR,1731541743
66,lihue,21.9789,-159.3672,26.77,74,100,8.75,US,1731541744
67,isla vista,34.4133,-119.861,23.12,28,0,4.63,US,1731541745
68,turabah,21.2141,41.6331,19.26,26,0,2.43,SA,1731541746
69,ha tinh,18.3333,105.9,23.02,91,15,0.66,VN,1731541747
70,khandyga,62.6667,135.6,-27.97,94,37,1.1,RU,1731541748
71,mount gambier,-37.8333,140.7667,13.63,56,95,2.77,AU,1731541749
72,bredasdorp,-34.5322,20.0403,14.14,73,19,3.85,ZA,1731541750
73,tamanrasset,22.785,5.5228,13.95,23,0,2.57,DZ,1731541753
74,sinabang,2.4803,96.3801,24.89,91,100,2.33,ID,1731541754
75,kodiak,57.79,-152.4072,4.73,60,0,8.23,US,1731541755
76,dolores,-36.3132,-57.6792,14.48,71,62,3.99,AR,1731541756
77,stanley,54.868,-1.6985,10.29,95,75,2.06,GB,1731541757
78,labrador city,52.9463,-66.9114,-7.68,71,0,4.92,CA,1731541758
79,ketchikan,55.3422,-131.6461,6.99,87,100,3.6,US,1731541759
80,clarksburg,39.2807,-80.3445,7.74,62,100,3.06,US,1731541760
81,mount pearl,47.5166,-52.7813,3.19,94,100,16.46,CA,1731541761
82,severo-yeniseyskiy,60.3725,93.0408,-20.23,97,88,2.27,RU,1731541762
83,villa gesell,-37.2639,-56.973,15.16,70,67,5.63,AR,1731541764
84,avarua,-21.2078,-159.775,25.03,69,75,2.57,CK,1731541765
85,albany,42.6001,-73.9662,1.92,62,0,1.07,US,1731541665
86,west island,-12.1568,96.8225,25.99,89,20,6.69,CC,1731541768
87,clinton,42.587,-82.9199,9.94,75,100,6.17,US,1731541769
88,ust'-kut,56.7938,105.7672,-11.87,96,100,1.14,RU,1731541770
89,udachny,66.4167,112.4,-30.76,99,40,3.09,RU,1731541771
90,dubrowna,54.5733,30.6906,0.46,79,100,2.19,BY,1731541772
91,the bottom,17.6259,-63.2492,26.64,68,51,2.19,BQ,1731541774
92,waingapu,-9.6567,120.2641,30.4,64,87,6.62,ID,1731541775
93,swan hill,-35.3378,143.5544,19.98,26,0,5.12,AU,1731541776
94,port alfred,-33.5906,26.891,15.1,89,99,2.21,ZA,1731541777
95,raja,8.4596,25.678,24.52,41,9,1.51,SS,1731541778
96,petropavlovsk-kamchatsky,53.0452,158.6483,-9.67,53,0,3.0,RU,1731541779
97,fuyuan,46.4333,127.0833,1.94,80,78,3.01,CN,1731541781
98,shimoda,34.6667,138.95,17.11,75,90,6.17,JP,1731541782
99,hanting,36.7708,119.2108,14.19,93,100,3.24,CN,1731541783
100,afaahiti,-17.75,-149.2833,23.37,80,84,6.98,PF,1731541785
101,alofi,-19.0595,-169.9187,27.94,61,75,7.2,NU,1731541786
102,estevan,49.1334,-102.9842,6.11,52,0,3.09,CA,1731541787
103,maralal,1.0968,36.698,16.2,80,87,1.6,KE,1731541788
104,kristiansund,63.1115,7.732,8.4,66,100,12.35,NO,1731541789
105,saldanha,-33.0117,17.9442,15.25,77,0,9.15,ZA,1731541790
106,tidjikja,18.5564,-11.4271,24.07,17,0,2.1,MR,1731541791
107,kill devil hills,36.0307,-75.676,13.32,65,100,5.14,US,1731541792
108,nova xavantina,-14.6667,-52.35,23.03,90,100,1.34,BR,1731541793
109,sitka,57.0531,-135.33,6.94,65,40,2.06,US,1731541794
110,port hedland,-20.3167,118.5667,33.03,38,55,8.23,AU,1731541655
111,teluknaga,-6.0989,106.6381,29.24,88,20,1.03,ID,1731541797
112,suances,43.4334,-4.0434,12.21,92,20,4.63,ES,1731541798
113,yellowknife,62.456,-114.3525,-10.71,96,75,3.6,CA,1731541800
114,mirnyy,62.5353,113.9611,-19.38,95,84,3.29,RU,1731541801
115,port lincoln,-34.7333,135.8667,14.58,64,100,3.95,AU,1731541582
116,prince rupert,54.3161,-130.3201,8.83,86,75,6.69,CA,1731541803
117,liberal,37.0431,-100.921,13.08,35,0,5.66,US,1731541711
118,tura,25.5198,90.2201,17.12,81,0,1.89,IN,1731541807
119,utrik,11.2278,169.8474,28.21,68,62,6.49,MH,1731541808
120,lorengau,-2.0226,147.2712,27.74,80,99,2.29,PG,1731541809
121,mbekenyera,-10.0,38.9833,23.16,90,58,1.87,TZ,1731541810
122,plattsburgh,44.6995,-73.4529,1.13,62,0,2.06,US,1731541600
123,richfield,44.8833,-93.283,7.35,91,100,2.06,US,1731541812
124,nema,57.5067,50.5011,-1.79,94,100,3.52,RU,1731541813
125,ceerigaabo,10.6162,47.368,14.08,27,4,3.13,SO,1731541814
126,san antonio de pale,-1.4014,5.6325,25.38,88,100,5.49,GQ,1731541815
127,kavaratti,10.5669,72.642,28.21,70,74,1.06,IN,1731541816
128,yaren,-0.5472,166.916,28.17,73,65,6.5,NR,1731541817
129,thompson,55.7435,-97.8558,-0.91,74,20,1.03,CA,1731541818
130,vadso,70.0744,29.7487,4.09,75,75,9.26,NO,1731541820
131,alice springs,-23.7,133.8833,25.75,18,99,7.2,AU,1731541650
132,tsiombe,-25.3,45.4833,23.59,84,78,3.37,MG,1731541822
133,kone,-21.0595,164.8658,33.6,37,68,1.08,NC,1731541823
134,pisco,-13.7,-76.2167,20.03,77,0,6.17,PE,1731541824
135,sirjan,29.452,55.6814,10.28,53,39,1.59,IR,1731541825
136,boyolangu,-8.1181,111.8935,26.48,85,27,1.59,ID,1731541826
137,tazovsky,67.4667,78.7,-30.39,100,92,0.72,RU,1731541827
138,fale old settlement,-9.3852,-171.2468,28.4,78,11,7.25,TK,1731541829
139,krasnokholmskiy,55.9873,55.0466,-2.58,95,99,3.4,RU,1731541830
140,olds,51.7834,-114.102,4.57,54,100,1.77,CA,1731541831
141,puerto maldonado,-12.6,-69.1833,24.22,83,0,0.0,PE,1731541832
142,bronkhorstspruit,-25.8102,28.7425,15.88,77,63,5.77,ZA,1731541833
143,jaisalmer,26.9147,70.9181,23.87,34,0,3.1,IN,1731541834
144,benghazi,32.1167,20.0667,20.83,44,94,5.46,LY,1731541835
145,lompoc,34.6391,-120.4579,16.96,70,0,6.69,US,1731541836
146,aasiaat,68.7098,-52.8699,-7.86,82,77,8.44,GL,1731541837
147,isafjordur,66.0755,-23.124,2.71,91,100,3.33,IS,1731541839
148,nampula,-15.1165,39.2666,23.97,83,40,1.54,MZ,1731541841
149,ascension,30.2169,-90.9001,25.56,94,72,0.45,US,1731541842
150,euclides da cunha,-10.5075,-39.0158,22.3,66,74,4.95,BR,1731541803
151,remire-montjoly,4.9167,-52.2667,27.02,89,75,3.09,GF,1731541844
152,newman,37.3138,-121.0208,17.24,59,86,2.24,US,1731541845
153,vikhorevka,56.1201,101.1636,-11.6,91,95,0.88,RU,1731541846
154,golden,39.7555,-105.2211,7.9,51,40,4.12,US,1731541847
155,talara,-4.5772,-81.2719,20.42,83,75,5.14,PE,1731541848
156,tongren,27.7172,109.1853,19.76,77,66,1.15,CN,1731541850
157,ilha de mocambique,-15.0342,40.7358,26.46,82,7,2.75,MZ,1731541851
158,san luis de la loma,17.2706,-100.8939,26.87,82,86,2.42,MX,1731541853
159,sittwe,20.15,92.9,24.16,86,3,2.43,MM,1731541854
160,trincomalee,8.5711,81.2335,27.96,77,100,2.7,LK,1731541855
161,namibe,-15.1961,12.1522,23.31,69,98,4.63,AO,1731541856
162,port elizabeth,-33.918,25.5701,16.29,81,20,0.89,ZA,1731541568
163,berdigestyakh,62.0989,126.6992,-15.51,97,100,2.08,RU,1731541858
164,beloyarskiy,63.7119,66.6722,-20.93,98,74,2.03,RU,1731541860
165,al kharijah,25.4514,30.5464,17.13,68,10,3.88,EG,1731541861
166,north ward,-19.2454,146.8075,29.95,54,40,4.63,AU,1731541862
167,kailua-kona,19.6406,-155.9956,28.09,73,75,3.6,US,1731541659
168,kirksville,40.1948,-92.5833,9.47,95,100,3.09,US,1731541571
169,rantepao,-2.9701,119.8978,23.19,81,39,0.55,ID,1731541865
170,torbat-e jam,35.244,60.6225,5.13,72,94,3.47,IR,1731541866
171,phatthalung,7.5,100.0833,25.65,88,57,0.45,TH,1731541867
172,georgetown,5.4112,100.3354,26.96,87,20,2.06,MY,1731541868
173,chos malal,-37.3781,-70.2709,24.13,29,46,2.1,AR,1731541739
174,invercargill,-46.4,168.35,18.34,65,100,1.34,NZ,1731541870
175,dudinka,69.4058,86.1778,-25.71,98,97,2.77,RU,1731541871
176,geraldton,-28.7667,114.6,20.23,83,100,2.06,AU,1731541651
177,bereeda,11.8704,51.0579,24.19,69,13,1.94,SO,1731541874
178,huayucachi,-12.1333,-75.2333,11.72,80,99,1.35,PE,1731541877
179,port moresby,-9.4431,147.1797,29.68,74,75,3.6,PG,1731541878
180,habiganj,24.3833,91.4167,18.44,84,1,1.69,BD,1731541879
181,pozanti,37.4278,34.8717,9.49,49,6,3.32,TR,1731541880
182,pont-sainte-marie,48.3185,4.0945,2.03,100,75,3.09,FR,1731541882
183,sao tome,0.3365,6.7273,26.18,85,100,2.99,ST,1731541883
184,mili,6.0815,171.735,28.0,77,38,5.5,MH,1731541884
185,talnakh,69.4865,88.3972,-24.5,99,98,0.79,RU,1731541885
186,roma,43.2128,-75.4557,2.04,68,0,3.09,US,1731541865
187,ancud,-41.8697,-73.8203,11.91,97,100,3.07,CL,1731541887
188,olinda,-8.0089,-34.8553,26.85,69,40,3.6,BR,1731541889
189,easton,40.6884,-75.2207,4.64,58,0,2.57,US,1731541826
190,popondetta,-8.7537,148.2534,31.44,58,100,1.28,PG,1731541891
191,richards bay,-28.783,32.0377,19.25,76,86,6.39,ZA,1731541892
192,egilsstadir,65.2653,-14.3948,5.95,61,59,3.09,IS,1731541893
193,slave lake,55.2834,-114.769,-0.01,69,100,5.66,CA,1731541894
194,vilyuchinsk,52.9306,158.4028,-8.85,78,6,4.04,RU,1731541895
195,cockburn town,21.4612,-71.1419,26.98,81,7,9.78,TC,1731541787
196,reo,12.3167,-2.4667,26.96,28,96,2.95,BF,1731541897
197,kourou,5.1552,-52.6478,25.14,91,19,2.82,GF,1731541898
198,siran,40.1894,39.1267,2.73,68,99,0.8,TR,1731541900
199,cox's bazar,21.4532,91.9798,20.84,74,5,5.24,BD,1731541901
200,moa,20.6569,-74.9403,25.95,89,100,4.26,CU,1731541902
201,grootfontein,-19.5667,18.1167,18.76,72,87,4.63,NA,1731541903
202,bonthe,7.5264,-12.505,25.77,81,61,0.91,SL,1731541904
203,katabu,-4.9333,122.5167,29.23,69,39,2.38,ID,1731541905
204,happy valley-goose bay,53.3168,-60.3315,-7.83,67,0,2.57,CA,1731541906
205,nemuro,43.3236,145.575,4.31,60,3,3.08,JP,1731541907
206,vernon,50.2581,-119.2691,7.18,83,100,2.57,CA,1731541908
207,badger,64.8,-147.5333,-18.9,76,75,0.0,US,1731541909
208,xining,36.6167,101.7667,3.06,80,85,1.11,CN,1731541910
209,la libertad,-2.2333,-80.9,22.81,73,20,4.11,EC,1731541911
210,kerimaki,61.9167,29.2833,4.97,93,100,4.12,FI,1731541913
211,pakala,13.4667,79.1167,21.44,93,97,1.08,IN,1731541914
212,laguna,38.421,-121.4238,16.12,65,100,7.2,US,1731541915
213,jamestown,42.097,-79.2353,7.8,29,0,2.57,US,1731541759
214,puerto baquerizo moreno,-0.9,-89.6,23.55,60,20,6.17,EC,1731541808
215,ust-nera,64.5667,143.2,-31.17,97,68,0.94,RU,1731541918
216,gadzhiyevo,69.2551,33.3362,2.44,79,39,11.58,RU,1731541919
217,goure,13.9835,10.2704,24.79,18,0,5.47,NE,1731541920
218,zeya,53.75,127.2667,-7.09,91,100,1.47,RU,1731541921
219,vorgashor,67.5833,63.95,-24.27,97,78,3.0,RU,1731541923
220,sulecin,52.4443,15.1168,3.23,94,70,2.8,PL,1731541924
221,abadan,30.3392,48.3043,14.97,63,0,3.09,IR,1731541925
222,greymouth,-42.4667,171.2,12.49,94,100,4.06,NZ,1731541867
223,konarka,19.9,86.1167,22.11,74,0,4.32,IN,1731541927
224,murzuq,25.9155,13.9184,16.72,28,46,3.04,LY,1731541928
225,fukuecho,32.6881,128.8419,16.2,94,75,2.06,JP,1731541929
226,al qabil,22.571,58.6947,21.19,75,0,0.63,OM,1731541930
227,kirn,49.7833,7.45,6.35,92,100,1.4,DE,1731541880
228,ponca city,36.707,-97.0856,14.41,60,7,7.46,US,1731541933
229,yuzhno-kurilsk,44.0306,145.8556,4.79,59,29,2.6,RU,1731541934
230,smithers,54.7804,-127.1743,2.18,100,100,0.0,CA,1731541935
231,ippy,6.2679,21.2247,22.5,67,93,1.31,CF,1731541936
232,tulun,54.5611,100.5792,-13.14,90,92,0.73,RU,1731541900
233,san patricio,28.017,-97.5169,29.97,47,51,3.52,US,1731541938
234,robore,-18.3333,-59.75,21.37,58,33,0.76,BO,1731541939
235,coruripe,-10.1256,-36.1756,24.97,73,20,7.39,BR,1731541940
236,faro,37.0194,-7.9322,11.88,66,20,3.6,PT,1731541941
237,papao,-17.75,-149.55,29.82,81,76,7.12,PF,1731541944
238,saudarkrokur,65.7461,-19.6394,3.68,84,75,9.83,IS,1731541945
239,bosobolo,4.1833,19.9,21.07,95,89,1.19,CD,1731541946
240,new norfolk,-42.7826,147.0587,16.07,41,49,3.5,AU,1731541947
241,diego de almagro,-26.3667,-70.05,19.61,36,8,2.23,CL,1731541948
242,wailua homesteads,22.0669,-159.378,26.44,80,100,8.75,US,1731541949
243,leo,11.1,-2.1,25.8,36,83,2.54,BF,1731541951
244,faya-largeau,17.9257,19.1043,21.57,19,0,7.39,TD,1731541953
245,genhe,50.7833,121.5167,-9.53,97,96,1.18,CN,1731541954
246,labytnangi,66.6572,66.4183,-27.75,100,84,0.52,RU,1731541955
247,luderitz,-26.6481,15.1594,19.85,51,26,7.99,NA,1731541956
248,fort st. john,56.2499,-120.8529,-5.06,86,100,5.14,CA,1731541659
249,hamilton,39.1834,-84.5333,14.47,62,0,6.69,US,1731541764
250,lebu,-37.6167,-73.65,12.99,86,84,6.59,CL,1731541959
251,lensk,60.7253,114.9278,-18.55,99,88,2.23,RU,1731541960
252,manokwari,-0.8667,134.0833,28.15,73,100,1.77,ID,1731541961
253,ma'an,26.9775,110.7211,19.23,76,6,0.96,CN,1731541962
254,shiprock,36.7855,-108.687,7.48,42,8,0.39,US,1731541964
255,ghat,24.9647,10.1728,18.14,17,0,1.41,LY,1731541965
256,bikenibeu village,1.3673,173.1241,31.98,66,20,5.14,KI,1731541966
257,lewistown,40.5992,-77.5714,3.42,100,94,1.34,US,1731541967
258,mugia,43.1041,-9.2179,13.84,71,79,9.25,ES,1731541968
259,amos,48.5669,-78.1162,-1.06,64,21,3.59,CA,1731541969
260,christiansburg,37.1298,-80.4089,7.01,56,0,1.54,US,1731541970
261,kon tum,14.35,108.0,20.69,94,44,0.48,VN,1731541971
262,bulungu,-4.55,18.6,20.87,97,92,0.82,CD,1731541972
263,kashgar,39.4547,75.9797,8.56,25,20,3.0,CN,1731541973
264,zelenogorskiy,55.0333,87.0,-9.43,93,100,4.15,RU,1731541975
265,cidreira,-30.1811,-50.2056,18.36,67,0,3.86,BR,1731541976
266,east london,-33.0153,27.9116,16.74,69,100,1.64,ZA,1731541977
267,aitape,-3.1374,142.3475,30.05,63,78,0.96,PG,1731541978
268,olonkinbyen,70.9221,-8.7187,-2.14,63,5,14.07,SJ,1731541979
269,kidal,18.4411,1.4078,23.76,20,0,4.14,ML,1731541980
270,ghadamis,30.1337,9.5007,17.01,44,10,3.92,LY,1731541981
271,chaihe,44.7667,129.7,2.56,73,100,1.46,CN,1731541982
272,tsetserleg,47.475,101.4542,-3.9,50,9,2.64,MN,1731541984
273,san pedro pochutla,15.7333,-96.4667,28.17,85,54,1.56,MX,1731541985
274,hadibu,12.65,54.0333,24.93,62,43,3.67,YE,1731541987
275,arraial do cabo,-22.9661,-42.0278,21.83,86,100,9.09,BR,1731541988
276,dire,12.2833,-10.9667,24.5,48,95,1.14,ML,1731541989
277,sa'dah,16.9402,43.7639,13.05,29,9,1.93,YE,1731541990
278,baixo guandu,-19.5189,-41.0158,23.04,97,100,1.25,BR,1731541991
279,college,64.8569,-147.8028,-18.08,69,75,0.0,US,1731541992
280,katsuren-haebaru,26.3369,127.8719,27.01,86,75,3.09,JP,1731541993
281,abashiri,44.0213,144.2697,-0.84,80,20,3.09,JP,1731541994
282,hithadhoo,-0.6,73.0833,27.91,78,100,5.64,MV,1731541995
283,mejit,10.2753,170.8646,28.22,73,82,6.28,MH,1731541996
284,penukonda,14.0833,77.5833,21.55,91,99,2.1,IN,1731541998
285,uchiza,-8.4592,-76.4633,21.53,98,99,1.09,PE,1731541999
286,aykhal,66.0,111.5,-30.47,100,100,3.2,RU,1731542000
287,taoudenni,22.6783,-3.9836,24.33,17,33,2.14,ML,1731542001
288,salinopolis,-0.6136,-47.3561,26.81,80,1,6.59,BR,1731542002
289,usinsk,65.9939,57.5281,-6.31,96,100,7.18,RU,1731541966
290,lamu,-2.2717,40.902,26.57,81,18,3.74,KE,1731542004
291,bengkulu,-3.8004,102.2655,24.86,93,92,2.61,ID,1731542006
292,bathurst,-33.4166,149.5806,22.76,64,5,2.53,AU,1731542007
293,princeville,45.7668,-61.2985,1.4,71,40,8.23,CA,1731542008
294,atafu village,-8.5421,-172.5159,28.35,77,10,6.48,TK,1731542009
295,sisimiut,66.9395,-53.6735,-4.21,61,100,9.99,GL,1731542010
296,urazovo,50.0836,38.0395,1.1,72,100,1.09,RU,1731542011
297,codrington,-38.2667,141.9667,13.36,59,81,4.24,AU,1731542012
298,inhambane,-23.865,35.3833,23.1,85,98,5.86,MZ,1731542013
299,mpongwe,-13.5091,28.155,18.23,92,100,2.54,ZM,1731542015
300,queenstown,-31.8976,26.8753,10.79,83,100,2.97,ZA,1731542016
301,itaituba,-4.2761,-55.9836,24.53,93,100,0.98,BR,1731542017
302,laibin,23.7,109.2667,25.06,69,1,0.73,CN,1731542018
303,paoua,7.2427,16.4406,22.49,60,58,1.02,CF,1731542019
304,nogliki,51.8333,143.1667,-3.02,63,54,4.37,RU,1731542020
305,suriapet,17.15,79.6167,22.29,91,65,1.3,IN,1731542021
306,dazhou,31.2159,107.5009,16.18,94,96,0.35,CN,1731542023
307,punta del este,-34.9667,-54.95,16.6,71,0,0.51,UY,1731541945
308,minas de marcona,-15.2119,-75.1103,15.5,76,96,3.41,PE,1731542025
309,saint-pierre,-21.3393,55.4781,22.82,68,47,3.09,RE,1731542026
310,singaparna,-7.3515,108.111,24.81,81,99,0.07,ID,1731542027
311,tolanaro,-25.0319,46.9987,25.04,88,40,5.14,MG,1731542028
312,tralee,52.2704,-9.7026,8.61,96,86,1.33,IE,1731542029
313,sandnessjoen,66.0217,12.6316,5.61,71,100,15.02,NO,1731542030
314,hohhot,40.8106,111.6522,4.16,87,40,1.0,CN,1731542031
315,odacho-oda,35.1833,132.5,14.81,66,6,2.35,JP,1731542032
316,slavyanka,42.8633,131.3847,8.82,95,100,0.86,RU,1731542034
317,keflavik,64.0049,-22.5624,6.24,100,100,11.83,IS,1731542035
318,cambria,35.5641,-121.0808,17.25,63,31,2.68,US,1731542036
319,spring lake,35.1679,-78.9728,11.88,69,0,2.06,US,1731542037
320,ialibu,-6.2821,143.9935,20.86,68,47,1.44,PG,1731542038
321,mar del plata,-38.0023,-57.5575,18.3,75,0,5.81,AR,1731541908
322,toliara,-23.35,43.6667,22.54,87,23,4.94,MG,1731542040
323,ulsteinvik,62.3432,5.8487,9.86,79,86,2.24,NO,1731542044
324,lexington,37.9887,-84.4777,15.63,59,100,0.89,US,1731541805
325,oujda-angad,34.6805,-1.9076,13.35,94,40,0.51,MA,1731542046
326,whitby,54.4877,-0.615,11.6,91,100,2.24,GB,1731542047
327,gobabis,-22.45,18.9667,22.37,18,50,3.98,NA,1731542049
328,cabedelo,-6.9811,-34.8339,26.37,66,57,5.99,BR,1731542050
329,nha trang,12.25,109.1833,25.0,85,29,1.97,VN,1731542002
330,marathon,44.9,-89.7668,7.74,76,0,5.66,US,1731542053
331,magadan,59.5667,150.8,-15.12,72,50,4.43,RU,1731542054
332,gamay,12.3854,125.2979,26.67,85,100,2.47,PH,1731542055
333,baharly,38.4362,57.4316,5.84,59,86,4.44,TM,1731542056
334,hovd,48.0056,91.6419,-2.41,66,75,4.17,MN,1731542057
335,wisla,49.6563,18.8591,-1.76,83,87,0.95,PL,1731542058
336,tavricheskoye,54.5851,73.6395,-18.19,97,76,3.4,RU,1731542060
337,oytal,42.9057,73.2697,-2.94,87,87,0.62,KZ,1731542061
338,aristobulo del valle,-27.0963,-54.8963,16.62,55,0,1.74,AR,1731542062
339,mogadishu,2.0371,45.3438,26.87,80,37,2.49,SO,1731542063
340,sirpur,19.4833,79.6,18.19,69,31,2.58,IN,1731542064
341,burang,30.25,81.1667,-2.84,34,0,1.76,CN,1731542065
342,conduaga,8.862,117.4893,27.67,77,93,1.12,PH,1731542066
343,sirte,31.2089,16.5887,20.86,30,34,5.39,LY,1731542069
344,ierapetra,35.01,25.7353,17.86,69,100,0.93,GR,1731542070
345,zavolzhsk,57.4823,42.1378,0.68,89,100,4.29,RU,1731542071
346,christchurch,-43.5333,172.6333,17.17,83,40,6.17,NZ,1731541925
347,port saint john's,-31.6229,29.5448,17.12,82,100,2.95,ZA,1731542073
348,suva,-18.1416,178.4415,29.71,74,75,4.63,FJ,1731542074
349,bhadasar,28.2833,74.3167,21.18,28,0,3.86,IN,1731542075
350,tagta,41.6504,59.9164,-5.03,74,0,2.06,TM,1731542076
351,nadi,-17.8,177.4167,30.0,66,20,6.69,FJ,1731542077
352,petrolina,-9.3986,-40.5008,26.03,83,40,1.03,BR,1731541823
353,jinghong,21.991,100.7341,16.44,89,0,1.37,CN,1731542080
354,voss,60.623,6.4229,6.56,94,96,2.39,NO,1731542081
355,nizhniy kuranakh,58.8353,125.4869,-13.28,92,100,3.92,RU,1731542082
356,uturoa,-16.7333,-151.4333,25.81,76,57,8.21,PF,1731542083
357,wyndham,37.6985,-77.6125,6.7,75,0,0.0,US,1731542084
358,tevriz,57.509,72.4042,-20.19,100,69,1.03,RU,1731542085
359,puerto ayacucho,5.6639,-67.6236,26.89,79,91,2.69,VE,1731542036
360,maloye ganyushkino,46.6,49.2667,3.51,73,64,2.06,KZ,1731542087
361,hammerfest,70.6634,23.6821,3.25,81,75,15.95,NO,1731542088
362,chonchi,-42.6128,-73.8092,13.95,98,100,0.96,CL,1731542090
363,yamunanagar,30.1,77.2833,16.82,61,3,1.97,IN,1731542091
364,libona,8.3389,124.7353,25.5,75,95,0.35,PH,1731542092
365,xilin hot,43.9667,116.0333,2.0,78,9,2.32,CN,1731542093
366,xinyuan,37.3,99.0,-1.89,34,76,2.29,CN,1731542094
367,yerofey pavlovich,53.9667,121.9667,-11.61,96,99,0.75,RU,1731542095
368,san cristobal de las casas,16.75,-92.6333,13.13,94,67,2.29,MX,1731542096
369,corner brook,48.9667,-57.9484,-2.14,71,99,5.95,CA,1731542097
370,el calafate,-50.3408,-72.2768,9.66,53,6,3.6,AR,1731542099
371,sungai penuh,-2.0833,101.3833,19.29,99,100,0.67,ID,1731541873
372,fengzhou,24.9576,118.5337,23.93,74,99,1.53,CN,1731542101
373,i-n-salah,27.1935,2.4607,20.66,27,2,6.26,DZ,1731542102
374,aliveri,38.4167,24.0333,15.23,89,90,0.71,GR,1731542103
375,nova venecia,-18.7106,-40.4006,22.97,94,90,1.59,BR,1731542104
376,el nido,11.1858,119.3956,27.3,94,100,1.41,PH,1731542105
377,at taj,24.2049,23.2857,15.28,44,11,4.44,LY,1731542106
378,polyarnyy,69.1989,33.4478,2.33,80,38,10.51,RU,1731542108
379,brookings,44.3114,-96.7984,6.21,88,20,4.63,US,1731542109
380,saladas,-28.2538,-58.6259,20.47,48,2,2.79,AR,1731542110
381,hacienda huancane,-15.8222,-70.8856,4.89,49,100,6.17,PE,1731542111
382,cooper's town,26.8667,-77.5167,24.27,63,92,11.04,BS,1731542112
383,tan-tan,28.438,-11.1032,17.21,81,2,2.58,MA,1731542113
384,swakopmund,-22.6833,14.5333,15.55,84,4,1.34,NA,1731542114
385,lospalos,-8.5186,127.0025,27.74,64,99,2.93,TL,1731542115
386,nantucket,41.2835,-70.0995,6.19,56,20,10.8,US,1731542116
387,kirakira,-10.4544,161.9205,27.49,80,86,2.82,SB,1731542119
388,grand falls-windsor,48.9332,-55.6649,0.28,89,100,3.13,CA,1731542120
389,josenii bargaului,47.2167,24.6833,-2.99,95,31,1.53,RO,1731542121
390,freetown,8.484,-13.2299,25.84,94,75,1.54,SL,1731542122
391,salahonda,2.1019,-78.7217,25.04,75,41,5.05,CO,1731542123
392,thunder bay,48.4001,-89.3168,5.99,81,75,4.12,CA,1731542051
393,sweetwater,25.7634,-80.3731,26.12,73,75,8.94,US,1731541920
394,revda,56.801,59.9303,-4.12,91,98,5.33,RU,1731542126
395,dali,25.7,100.1833,8.56,85,0,1.22,CN,1731542127
396,arkhangel'sk,64.5401,40.5433,2.06,100,100,4.0,RU,1731542129
397,neiafu,-18.65,-173.9833,28.38,74,75,5.66,TO,1731542130
398,akkol',48.7833,53.2,-1.53,78,100,3.77,KZ,1731542131
399,norilsk,69.3535,88.2027,-24.46,99,99,0.81,RU,1731542132
400,jawad,24.6,74.85,19.58,45,0,1.52,IN,1731542133
401,menaka,15.9182,2.4022,27.01,21,5,4.49,ML,1731542135
402,tazacorte,28.629,-17.9293,18.54,59,0,2.06,ES,1731542136
403,bubaque,11.2833,-15.8333,28.89,58,100,5.89,GW,1731542137
404,guerrero negro,27.9769,-114.0611,20.4,46,0,5.5,MX,1731542139
405,cozumel,20.5083,-86.9458,26.08,91,92,4.08,MX,1731541976
406,san luis,-33.295,-66.3356,23.43,34,1,4.36,AR,1731542141
407,mabai,23.0128,104.4508,14.85,94,37,0.81,CN,1731542142
408,carutapera,-1.195,-46.02,26.09,79,12,4.2,BR,1731542143
409,muynoq,43.7683,59.0214,0.72,45,7,2.44,UZ,1731542144
410,heyuan,23.7333,114.6833,23.78,83,100,1.6,CN,1731542145
411,jiagedaqi,50.4167,124.1167,-9.12,88,94,1.37,CN,1731542146
412,hirara,24.8,125.2833,26.92,94,40,4.63,JP,1731542147
413,klyuchi,52.2667,79.1667,-8.08,89,100,7.07,RU,1731542148
414,crane,31.3974,-102.3501,17.27,20,0,4.21,US,1731542150
415,laihia,62.9761,22.0114,6.98,76,0,6.69,FI,1731542151
416,cidade velha,14.9167,-23.6167,24.26,78,75,5.66,CV,1731542152
417,ponta delgada,37.7333,-25.6667,18.44,72,75,4.12,PT,1731542153
418,lame,10.4415,9.2396,20.3,45,5,0.91,NG,1731542154
419,sangla hill,31.7167,73.3833,18.66,45,70,2.07,PK,1731542155
420,nagqu,31.5,92.0,-5.85,29,22,0.92,CN,1731542156
421,nabire,-3.3667,135.4833,28.92,70,99,1.58,ID,1731542157
422,rawson,-43.3002,-65.1023,23.16,33,0,3.6,AR,1731542158
423,ratnagiri,16.9833,73.3,25.67,65,100,2.41,IN,1731542159
424,simanggang,1.2472,111.4528,25.01,94,84,1.54,MY,1731542161
425,namtsy,62.7161,129.6658,-20.0,96,100,2.22,RU,1731542162
426,kendari,-3.945,122.4989,27.22,85,32,0.51,ID,1731542163
427,gorakhpur,29.45,75.6833,18.74,38,2,1.6,IN,1731542164
428,cukurca,37.2481,43.6136,6.68,63,60,2.48,TR,1731542002
429,fort mcmurray,56.7268,-111.381,-5.23,79,100,2.06,CA,1731542085
430,zouerate,22.7187,-12.4521,20.49,37,11,3.93,MR,1731542167
431,moose jaw,50.4001,-105.5344,5.14,45,89,2.57,CA,1731542168
432,souillac,-20.5167,57.5167,22.21,88,40,1.54,MU,1731542170
433,plesetsk,62.708,40.2916,2.89,96,100,4.82,RU,1731542171
434,nikolayevsk-on-amure,53.1406,140.73,-6.17,69,99,1.78,RU,1731542172
435,okhotsk,59.3833,143.3,-15.6,70,11,7.55,RU,1731542173
436,barcelos,41.5388,-8.6151,11.72,74,94,5.54,PT,1731542095
437,san antonio,29.4241,-98.4936,28.29,22,20,4.63,US,1731542023
438,ubinskoye,55.3068,79.6802,-10.92,94,99,4.74,RU,1731542176
439,wanning,18.8003,110.3967,24.11,84,6,0.74,CN,1731542178
440,portland,45.5234,-122.6762,12.19,87,100,4.63,US,1731541886
441,viedma,-40.8135,-62.9967,18.31,45,100,4.74,AR,1731542180
442,manta,-0.95,-80.7333,24.88,69,0,4.12,EC,1731542181
443,tsumeb,-19.2333,17.7167,23.36,51,93,2.38,NA,1731542182
444,cafayate,-26.073,-65.9761,21.25,48,60,4.44,AR,1731542183
445,callao,-12.0667,-77.15,21.51,68,0,4.63,PE,1731542184
446,valparaiso,-33.0393,-71.6273,15.13,82,20,3.09,CL,1731542185
447,lahad datu,5.0268,118.327,26.48,84,52,0.75,MY,1731542186
448,hassi messaoud,31.6804,6.0729,15.92,48,0,0.51,DZ,1731542187
449,trairi,-3.2778,-39.2689,25.85,78,25,4.57,BR,1731542183
450,timimoun,29.2639,0.231,19.21,52,0,2.06,DZ,1731542190
451,almenara,-16.1836,-40.6944,23.18,96,59,1.44,BR,1731542191
452,lazaro cardenas,17.9583,-102.2,27.16,77,55,2.91,MX,1731542186
453,santo antonio do amparo,-20.9464,-44.9189,17.45,90,100,1.37,BR,1731542193
454,dunedin,-45.8742,170.5036,16.56,80,100,1.79,NZ,1731541921
455,dingcheng,32.1272,115.0394,18.13,84,57,0.94,CN,1731542195
456,hun,29.1268,15.9477,18.5,28,21,3.54,LY,1731542196
457,shanwei,22.782,115.3475,24.02,83,100,8.94,CN,1731542197
458,kutum,14.2,24.6667,18.0,19,0,4.56,SD,1731542198
459,brisas de zicatela,15.8369,-97.0419,27.05,79,26,1.52,MX,1731542200
460,roshal',55.6685,39.8749,-2.5,95,71,2.52,RU,1731542201
461,saint-paul,-21.0096,55.2707,21.11,92,95,0.28,RE,1731542202
462,alotau,-10.3069,150.4462,27.56,83,100,1.44,PG,1731542203
463,bodaybo,57.8506,114.1933,-17.45,96,100,1.36,RU,1731542204
464,thief river falls,48.1191,-96.1812,5.96,89,100,2.57,US,1731542205
465,cotonou,6.3654,2.4183,28.99,84,40,6.17,BJ,1731542100
466,chadan,51.2833,91.5833,-11.63,69,98,0.7,RU,1731542208
467,chernyshevskiy,63.0128,112.4714,-19.18,94,99,2.97,RU,1731542209
468,eenhana,-17.4667,16.3333,23.64,55,99,1.24,NA,1731542210
469,gebeit,21.0667,36.3167,19.58,70,0,1.82,SD,1731542211
470,mitsamiouli,-11.3847,43.2844,26.71,78,25,3.57,KM,1731542212
471,huanan,46.2167,130.5167,2.03,57,100,1.41,CN,1731542213
472,bandon,51.7469,-8.7425,7.77,94,73,3.22,IE,1731542214
473,puerto deseado,-47.7503,-65.8938,10.49,67,41,5.14,AR,1731542217
474,preobrazheniye,42.9019,133.9064,7.1,72,77,2.69,RU,1731542218
475,pavilosta,56.8879,21.1859,8.32,75,100,8.51,LV,1731542219
476,bardai,11.65,7.2333,22.22,30,0,3.91,NG,1731542220
477,beaufort,5.3473,115.7455,26.13,88,70,0.8,MY,1731542221
478,varberg,57.1056,12.2508,8.29,91,72,4.49,SE,1731542223
479,siesta key,27.302,-82.5515,26.03,65,0,5.14,US,1731542224
480,ayame,5.6083,-3.1563,23.37,95,73,1.25,CI,1731542225
481,plastun,44.7561,136.2939,2.46,34,56,1.1,RU,1731542227
482,am timan,11.0297,20.2827,24.61,28,4,2.45,TD,1731542228
483,ar ruseris,11.8659,34.3869,27.32,37,69,1.96,SD,1731542229
484,kiama,-34.6833,150.8667,19.65,81,99,0.45,AU,1731542230
485,mandera,3.9366,41.867,26.99,65,100,2.73,KE,1731542231
486,sao vicente,-23.9631,-46.3919,19.99,26,100,2.73,BR,1731542232
487,dazuocun,24.8862,118.9643,22.66,85,100,5.91,CN,1731542233
488,senanga,-16.1167,23.2667,20.36,79,100,0.97,ZM,1731542234
489,port macquarie,-31.4333,152.9167,24.48,72,10,0.89,AU,1731542235
490,howard springs,-12.497,131.047,29.95,85,81,1.19,AU,1731542237
491,dryden,49.7833,-92.7503,2.16,93,100,1.54,CA,1731542238
492,quellon,-43.1167,-73.6167,11.83,97,100,2.52,CL,1731542239
493,akureyri,65.6835,-18.0878,7.96,61,20,11.83,IS,1731542240
494,greenville,35.6127,-77.3663,10.08,77,0,2.06,US,1731542006
495,mae sot,16.7167,98.5667,21.9,100,17,0.51,TH,1731542242
496,onguday,50.75,86.15,-7.96,72,100,1.17,RU,1731542243
497,burabay,53.0838,70.3138,-9.34,94,100,4.61,KZ,1731542244
498,orchomenos,38.4929,22.9796,12.73,95,100,0.45,GR,1731542245
499,sal rei,16.1833,-22.9167,25.53,66,59,7.21,CV,1731542247
500,bengbu,32.9408,117.3608,17.67,84,83,2.12,CN,1731542248
501,guatajiagua,13.6667,-88.2,22.52,96,88,0.62,SV,1731542249
502,al jawf,29.5,38.75,16.95,54,100,2.48,SA,1731542250
503,antigonish,45.6169,-61.9986,1.68,68,100,4.47,CA,1731542251
504,vrangel',42.7297,133.0839,7.0,78,85,2.24,RU,1731542253
505,padang,-0.9492,100.3543,24.03,90,100,1.75,ID,1731542254
506,pearsall,28.8922,-99.095,25.65,19,5,7.33,US,1731542255
507,hobyo,5.3505,48.5268,26.41,74,5,5.97,SO,1731542256
508,kenora,49.8167,-94.4337,2.54,100,100,2.06,CA,1731542227
509,wynyard,-41.0,145.7167,16.77,56,10,2.24,AU,1731542259
510,mansa,29.9833,75.3833,18.41,39,4,1.41,IN,1731542260
511,ceylanpinar,36.8472,40.05,14.57,42,36,2.51,TR,1731542261
512,anadarko,35.0726,-98.2437,14.91,60,0,4.06,US,1731542262
513,astrakhan,46.3497,48.0408,0.93,86,75,3.0,RU,1731542263
514,nicoya,10.1483,-85.452,22.57,97,100,0.52,CR,1731542264
515,piti village,13.4626,144.6933,29.49,85,20,4.12,GU,1731542265
516,monrovia,6.3005,-10.7969,25.98,83,83,1.79,LR,1731542266
517,bahir dar,11.5936,37.3908,15.58,84,25,1.33,ET,1731542268
518,conde,-7.2597,-34.9075,25.7,73,20,3.6,BR,1731542269
519,kalabo,-14.97,22.6814,20.82,82,84,3.17,ZM,1731542270
520,palembang,-2.9167,104.7458,25.05,94,40,1.54,ID,1731542271
521,el colomo,19.05,-104.25,25.45,82,69,2.26,MX,1731542272
522,sakit,27.45,78.8167,20.07,37,0,1.54,IN,1731542273
523,bingerville,5.3584,-3.8869,26.52,89,20,2.06,CI,1731542274
524,beas de segura,38.2524,-2.8888,10.27,91,100,2.57,ES,1731542275
525,srivardhan,18.0333,73.0167,24.89,61,87,3.51,IN,1731542276
526,campbellsville,37.3434,-85.3419,12.88,82,100,1.79,US,1731542277
527,flin flon,54.7682,-101.865,1.91,75,75,0.0,CA,1731542279
528,cabo san lucas,22.8909,-109.9124,27.64,60,5,0.89,MX,1731542280
529,head of westport,41.6209,-71.062,4.55,58,0,0.0,US,1731542281
530,undurkhaan,47.3194,110.6556,-1.33,52,33,1.96,MN,1731542283
531,sogel,52.85,7.5167,10.79,93,100,1.54,DE,1731542284
532,kapa'a,22.0752,-159.319,27.18,79,100,8.75,US,1731542285
533,kem',64.9555,34.5793,2.31,87,35,6.84,RU,1731542109
534,liwale,-9.7667,37.9333,23.51,82,35,1.95,TZ,1731542287
535,bom conselho,-9.1697,-36.6797,19.7,79,10,5.03,BR,1731542289
536,turpan,42.9333,89.1667,12.09,44,100,1.03,CN,1731542290
537,ubari,26.5921,12.7805,18.2,25,7,2.48,LY,1731542291
538,xai-xai,-25.0519,33.6442,22.13,77,74,7.75,MZ,1731542292
539,phan rang-thap cham,11.5667,108.9833,25.14,81,34,1.75,VN,1731542293
540,narvik,68.4384,17.4272,1.26,93,100,10.23,NO,1731542294
541,buala,-8.145,159.5921,29.44,69,72,2.0,SB,1731542295
542,tambura,5.6,27.4667,22.4,86,43,1.31,SS,1731542296
543,ixtapa,20.7,-105.2,27.9,76,52,1.79,MX,1731542212
544,itoman,26.1247,127.6694,27.27,86,75,4.12,JP,1731542298
545,turtas,58.9417,69.1325,-19.63,99,27,1.31,RU,1731542300
546,saki,8.6667,3.3833,24.71,44,0,0.54,NG,1731542301
547,la passe,45.5549,-0.8967,6.21,75,65,7.52,FR,1731542302
548,shasta lake,40.6804,-122.3708,10.4,90,100,0.45,US,1731542303
549,zayed city,24.3768,54.589,29.44,70,0,2.06,AE,1731542304
